{
  "topic": "love",
  "question": "如何能在上課中與喜歡的學妹認識並有機會與他獨處？",
  "emotion": "hopeful",
  "constraints": [],
  "rounds": [
    {
      "layer": 1,
      "player_input": "上課遇到喜歡的學妹，要怎麼認識他 ？他身邊有很多朋友，我要怎麼跟他獨處？",
      "card": "King of Wands",
      "orientation": "reversed",
      "keywords": [
        "獨斷",
        "急躁",
        "只講不做",
        "霸道"
      ],
      "interpretation": {
        "short_interpretation": "過去的經驗顯示，可能曾經表現過急躁、獨斷或霸道的一面，這可能影響了與他人建立深入連結的機會。",
        "hidden_warning": "注意過去可能的過於主觀或缺乏耐心的行為，這可能阻礙了與學妹互動的機會。",
        "next_focus": "在接觸喜歡的學妹時，著重在展現溫和、耐心和尊重他人觀點的品質，以建立更好的互動和機會。"
      },
      "followup_questions": {
        "followup_questions": [
          "你是否認為過去的表現已經影響了你與學妹的互動？",
          "你如何計劃展現溫和、耐心和尊重他人觀點？"
        ],
        "why_this_matters": "透過進一步了解你過去的行為對互動的影響以及你的溝通計劃，有助於更有效地與喜歡的學妹建立聯繫。"
      },
      "player_followup_answer": ""
    },
    {
      "layer": 2,
      "player_input": "我過去只是一直在旁觀觀察學妹而已，沒有跟他互動，所以我不認為過去的表現有影像到現在跟他的互動。我可能會爭取分組機會，跟他同一組，再透過聊天知道他的喜好，並讓自己有東西可以跟他分享之類的",
      "card": "Ace of Swords",
      "orientation": "reversed",
      "keywords": [
        "混亂",
        "誤判",
        "口舌是非",
        "思緒打結"
      ],
      "interpretation": {
        "storyline_so_far": "根據過去的經驗，可能曾經表現過急躁、獨斷或霸道的一面，可能影響了與喜歡的學妹建立深入連結的機會。",
        "new_card_interpretation": "逆位的 Ace of Swords 暗示可能會有混亂、誤判或口舌是非的情況出現，思緒可能會打結，需要特別注意溝通方式和避免誤解。",
        "how_it_changes_reading": "這張牌強調了溝通上的困難和可能的誤解，提醒你要更謹慎地表達自己，避免與學妹間出現誤解或衝突。",
        "next_hint": "在與學妹互動時，要特別注意自己的語言和表達方式，保持清晰、真誠的溝通，避免誤解和口舌是非的產生。"
      },
      "followup_questions": {
        "followup_questions": [
          "你是否曾經在與學妹相處時感到自己的思緒混亂或有誤解？",
          "在過去的互動中，是否曾遇到過因溝通方式而引起的口舌是非情況？"
        ],
        "why_this_matters": "透過了解你過去的溝通狀況和可能的誤解或口舌是非經驗，有助於更好地應對未來與學妹的溝通挑戰。"
      },
      "player_followup_answer": "沒有，我就說我還沒跟他接觸過了。有跟朋友因為沒有說清楚而吵架"
    },
    {
      "layer": 3,
      "player_input": "沒有，我就說我還沒跟他接觸過了。有跟朋友因為沒有說清楚而吵架",
      "card": "Eight of Pentacles",
      "orientation": "upright",
      "keywords": [
        "努力精進",
        "學習技能",
        "踏實",
        "工匠精神"
      ],
      "interpretation": {
        "storyline_so_far": "根據過去的經驗，可能曾經表現過急躁、獨斷或霸道的一面，可能影響了與喜歡的學妹建立深入連結的機會。",
        "new_card_interpretation": "Eight of Pentacles 正位象徵努力精進、學習技能和踏實的工匠精神，暗示你需注重學習、專注於提升自我，以在與學妹互動中展現成熟和專業。",
        "how_it_changes_reading": "這張牌強調了學習和努力的重要性，提醒你在追求與學妹互動機會時要有耐心和專注於自我成長，以展現吸引力和穩定性。",
        "next_hint": "在接觸喜歡的學妹時，持續努力精進自己，展現專注和踏實的態度，這將有助於吸引她的注意並建立穩固的互動基礎。"
      },
      "followup_questions": {
        "followup_questions": [
          "你是否對於展現專業和專注於自我成長感到有信心？",
          "在努力精進自我和展現專業態度的過程中，是否有遇到過挑戰或困難？"
        ],
        "why_this_matters": "透過了解你對自我成長與展現專業的信心以及可能遇到的挑戰，有助於更深入地探討如何在與喜歡的學妹互動中展現穩定和吸引力。"
      },
      "player_followup_answer": "有，我對自己的專業有信心。遇到一些困難，但都可以解決。"
    }
  ]
}