{
  "topic": "career",
  "question": "我應該繼續留在目前的工作嗎？",
  "emotion": "unsure",
  "constraints": [
    "有一份穩定但缺乏挑戰性的工作",
    "擔心轉換工作可能帶來風險"
  ],
  "rounds": [
    {
      "layer": 1,
      "position": "past",
      "player_input": "目前應徵台積電工作，雖然錢很多，但是壓力大，我不知道要不要接受offer",
      "card": "Ten of Pentacles",
      "orientation": "upright",
      "keywords": [
        "長期穩定",
        "家庭/資產",
        "傳承",
        "安全感"
      ],
      "interpretation": {
        "past_summary": "過去的十幅錢代表著你在工作上追求長期穩定和安全感的心態。或許在過去的工作環境中，你注重在家庭和資產方面有所積累，並希望維持現狀的穩定性。這張牌可能反映了你過去對於工作的價值觀和期待。",
        "limiting_pattern": "然而，長期追求穩定也可能意味著你在過去的工作中缺乏挑戰和成長機會，可能使你陷入舒適區而忽略了尋求新的挑戰。同時，過於著重於安全感和穩定性，可能使你忽略了自己的潛在能力和成長空間。",
        "key_lesson": "這張牌暗示著過去的經驗應該讓你意識到，僅僅追求穩定性可能無法滿足你內在的成長需求。重要的是要找到一份工作能夠平衡穩定性與個人成長的機會，並勇於接受新的挑戰和機會，以實現更多的潛力。",
        "anchor_for_next": "這張牌提醒你要重新審視自己過去對於工作的價值觀和期待，並思考如何在保持穩定的同時，尋求更多的成長和挑戰。"
      },
      "followup_questions": {
        "followup_questions": [
          "你是否感到目前的工作環境缺乏挑戰性？",
          "你認為自己在目前工作中已經發揮了全部的潛力嗎？"
        ],
        "why_this_matters": "這些問題有助於更深入了解你對於工作挑戰性和個人成長空間的感受，進一步探索是否應該尋求新的工作機會。"
      },
      "player_followup_answer": "算是也，我覺得沒有前景，薪水不高。我覺得沒有發揮全部潛力，還有上升的空間"
    },
    {
      "layer": 2,
      "position": "present",
      "player_input": "算是也，我覺得沒有前景，薪水不高 。我覺得沒有發揮全部潛力，還有上升的空間",
      "card": "Ace of Wands",
      "orientation": "upright",
      "keywords": [
        "靈感",
        "開端",
        "熱情",
        "衝勁"
      ],
      "interpretation": {
        "storyline_updated": "在玩家表達對目前工作缺乏前景和潛力未被發揮的疑慮後，你意識到過去追求穩定也帶來了成長上的困境。這讓你更加思考如何平衡穩定和挑戰性，以及尋求更多成長的可能性。玩家的不確定情緒也逐漸浮現，顯示對於工作未來的擔憂和追求。",
        "card_interpretation": "Ace of Wands代表著新的靈感和開端，帶來熱情和衝勁。這張牌暗示著現在正是你探索新機會、挑戰自我並展現潛力的時刻。它鼓勵你對於工作抱持積極的態度，勇於嘗試新的事物並追求自我成長。",
        "how_it_changes_direction": "Ace of Wands的出現讓整體走向轉向更加積極和開放的方向。它提醒你，即使現在的工作環境有挑戰，但也存在著無限的潛力和可能性等待你發掘。這張牌激勵你勇敢面對未知，並以全新的角度看待工作和生活，展開更具活力和熱情的旅程。",
        "anchor_for_next": "這張牌提醒你要保持對於新機會和挑戰的開放態度，並積極追求自我成長和發展。在考慮未來工作抉擇時，請記得保持熱情和衝勁，並勇於踏出新的一步。"
      },
      "followup_questions": {
        "followup_questions": [
          "你是否有任何潛在的興趣或專長，可以在工作中發揮並帶來更多滿足感？",
          "你對於未來的職涯規劃有明確的目標或方向嗎？"
        ],
        "why_this_matters": "這些問題有助於更深入探討你對於工作的內在動機和職涯發展方向，幫助你更清楚地了解自己的興趣、目標和價值觀，進而決定未來的職涯抉擇。"
      },
      "player_followup_answer": "可以吧，但是在台積電就是要照著工作走，跟興趣沒什麼相關。沒有，只有往前三五年的想像而已。"
    },
    {
      "layer": 3,
      "position": "future",
      "player_input": "可以吧，但是在台積電就是要照著工作走，跟興趣沒什麼相關。沒有，只有往前三五年的想像而已。",
      "card": "The Tower",
      "orientation": "reversed",
      "keywords": [
        "延後爆炸",
        "逃避面對",
        "內部崩壞",
        "不願改變"
      ],
      "interpretation": {
        "storyline_updated": "在玩家提到在目前的工作環境中缺乏挑戰性和前景，並強調在台積電工作需要照著工作走，與個人興趣無關，同時也沒有清晰的未來職涯規劃。這顯示了玩家對於現況的疑慮和不確定感，對於工作的價值和個人發展方向有所困惑。",
        "card_interpretation": "逆位的 The Tower 代表著延後爆炸、逃避面對、內部崩壞和不願改變。這張牌暗示著面對現況可能的混亂和衝突，而玩家可能對於面對現實和作出改變感到猶豫和不願意。",
        "how_it_changes_direction": "The Tower 的逆位出現讓整體走向更趨向於避免面對現實的衝突和改變。這可能意味著玩家在未來可能持續避免面對工作環境中的問題，並可能錯失了改變和成長的機會。這張牌提醒著玩家，雖然改變可能艱難，但避免面對問題只會延後爆炸，最終需要正視並勇敢面對。",
        "anchor_for_next": "這張牌的出現提醒著玩家，雖然面對改變和現實可能令人不安，但避免只會延後問題的爆發。在考慮未來的職涯抉擇時，重要的是要勇敢面對現實，思考個人的興趣和價值觀，並積極尋求能夠帶來挑戰和成長的工作機會。這將有助於開啟更具意義和充實的職涯旅程。"
      },
      "followup_questions": {
        "followup_questions": [
          "你對於現在的工作環境是否有任何特別讓你感到挫折的地方？",
          "你是否曾考慮過自己真正想要從事的工作或事業領域是什麼？"
        ],
        "why_this_matters": "這些問題有助於更深入了解你對於目前工作環境的困惑和挫折感受，以及探索你內心真正渴望從事的工作或事業領域，進一步引導你思考與職涯規劃相關的重要議題。"
      },
      "player_followup_answer": "沒有，目前都還算順暢，只要去做事情就會有對應的解法。算有，不過要有經濟基礎，所以現在才想說去台積電工作賺錢，之後看要做什麼再說。"
    }
  ]
}