{
  "topic": "study",
  "question": "如何有效安排時間，應對即將到來的期末考試？",
  "emotion": "anxious",
  "constraints": [],
  "draw_history": [
    {
      "step": 1,
      "position": "past",
      "card": "Death",
      "orientation": "upright",
      "keywords": [
        "結束",
        "重生",
        "斷捨離",
        "轉化"
      ],
      "interpretation": {
        "short_interpretation": "過去的結束代表著新的開始，你可能已經經歷了某些轉變或變化。這是一個重要的轉折點。",
        "hidden_warning": "不要被過去的困難或挫折所困擾，要專注於現在和未來的機會。",
        "next_focus": "開始思考如何運用過去的經驗和轉變，來幫助你有效安排時間應對考試。"
      }
    },
    {
      "step": 2,
      "position": "present",
      "card": "The Hierophant",
      "orientation": "upright",
      "keywords": [
        "傳統",
        "學習",
        "指引",
        "制度"
      ],
      "interpretation": {
        "storyline_so_far": "過去已經經歷了轉變和重生，現在需要思考如何運用這些經驗來應對考試。",
        "new_card_interpretation": "The Hierophant 代表著傳統、學習和指引，暗示著你可以透過遵循制度和尋求專家建議來有效安排時間應對考試。",
        "how_it_changes_reading": "The Hierophant 的出現強調了遵循規則和尋求指導的重要性，與之前的轉變和轉化形成一個完整的過程，提醒你在時間管理上注重組織和學習。",
        "next_hint": "尋求老師或導師的建議，並遵循正式的學習計劃，這將有助於你更有效地應對即將到來的期末考試。"
      }
    },
    {
      "step": 3,
      "position": "future",
      "card": "Justice",
      "orientation": "reversed",
      "keywords": [
        "不公",
        "偏見",
        "逃避責任",
        "失衡"
      ],
      "interpretation": {
        "storyline_so_far": "過去已經經歷了轉變和重生，現在需要思考如何運用這些經驗來應對考試。",
        "new_card_interpretation": "Justice 逆位代表著不公、偏見和失衡，暗示著可能會遇到一些不公平或不平衡的情況，可能是因為逃避責任或面對偏見。",
        "how_it_changes_reading": "Justice 逆位的出現提醒你要警惕不公平的因素，可能需要更加努力來應對這些挑戰，並確保自己不因他人的偏見或失衡而受影響。",
        "next_hint": "在面對任何不公平或偏見時，堅持正義和平衡的原則，並尋求支持或幫助以保持穩定和專注，這將有助於你應對期末考試的挑戰。"
      }
    }
  ]
}