[
  { "name": "The Fool", "upright_keywords": ["新開始", "冒險", "自由", "相信直覺"], "reversed_keywords": ["魯莽", "逃避責任", "不成熟", "盲目"] },
  { "name": "The Magician", "upright_keywords": ["行動力", "資源整合", "創造", "自信"], "reversed_keywords": ["操控", "虛假", "能力不足", "拖延"] },
  { "name": "The High Priestess", "upright_keywords": ["潛意識", "直覺", "沉靜觀察", "秘密"], "reversed_keywords": ["忽視直覺", "混亂", "壓抑情緒", "不信任"] },
  { "name": "The Empress", "upright_keywords": ["滋養", "關懷", "豐盛", "成長"], "reversed_keywords": ["依賴", "過度保護", "停滯", "情緒化"] },
  { "name": "The Emperor", "upright_keywords": ["秩序", "掌控", "責任", "穩定"], "reversed_keywords": ["專制", "僵化", "控制欲", "失序"] },
  { "name": "The Hierophant", "upright_keywords": ["傳統", "學習", "指引", "制度"], "reversed_keywords": ["反叛", "教條", "不合群", "質疑權威"] },
  { "name": "The Lovers", "upright_keywords": ["選擇", "連結", "價值一致", "愛"], "reversed_keywords": ["衝突", "逃避選擇", "不和諧", "誘惑"] },
  { "name": "The Chariot", "upright_keywords": ["意志", "前進", "勝利", "掌控方向"], "reversed_keywords": ["失控", "猶豫", "內耗", "方向不明"] },
  { "name": "Strength", "upright_keywords": ["勇氣", "溫柔的力量", "自律", "耐心"], "reversed_keywords": ["自我懷疑", "衝動", "懦弱", "情緒失衡"] },
  { "name": "The Hermit", "upright_keywords": ["內省", "沉澱", "尋找答案", "孤獨但清醒"], "reversed_keywords": ["封閉", "逃避現實", "過度孤立", "迷惘"] },
  { "name": "Wheel of Fortune", "upright_keywords": ["轉機", "循環", "命運推動", "新階段"], "reversed_keywords": ["卡關", "不順", "抗拒改變", "惡性循環"] },
  { "name": "Justice", "upright_keywords": ["公平", "因果", "理性判斷", "誠實"], "reversed_keywords": ["不公", "偏見", "逃避責任", "失衡"] },
  { "name": "The Hanged Man", "upright_keywords": ["等待", "換角度", "犧牲", "放下執念"], "reversed_keywords": ["拖延", "無效犧牲", "卡住", "不願放下"] },
  { "name": "Death", "upright_keywords": ["結束", "重生", "斷捨離", "轉化"], "reversed_keywords": ["抗拒結束", "停滯", "恐懼改變", "拖著不放"] },
  { "name": "Temperance", "upright_keywords": ["平衡", "調和", "耐心", "慢慢來"], "reversed_keywords": ["失衡", "極端", "急躁", "耗損"] },
  { "name": "The Devil", "upright_keywords": ["慾望", "束縛", "依附", "成癮"], "reversed_keywords": ["脫離控制", "覺醒", "戒斷", "重獲自由"] },
  { "name": "The Tower", "upright_keywords": ["崩解", "突變", "真相揭露", "重建"], "reversed_keywords": ["延後爆炸", "逃避面對", "內部崩壞", "不願改變"] },
  { "name": "The Star", "upright_keywords": ["希望", "療癒", "信念", "長遠方向"], "reversed_keywords": ["失望", "信心不足", "迷失", "短視"] },
  { "name": "The Moon", "upright_keywords": ["迷霧", "不安", "潛意識恐懼", "直覺訊號"], "reversed_keywords": ["真相浮現", "焦慮減退", "看清", "走出幻象"] },
  { "name": "The Sun", "upright_keywords": ["成功", "明朗", "快樂", "充能"], "reversed_keywords": ["延遲成功", "過度樂觀", "疲乏", "光被遮住"] },
  { "name": "Judgement", "upright_keywords": ["覺醒", "回應召喚", "總結過去", "新生"], "reversed_keywords": ["自我否定", "逃避反省", "停在原地", "不敢開始"] },
  { "name": "The World", "upright_keywords": ["完成", "圓滿", "整合", "新旅程"], "reversed_keywords": ["未完成", "卡關", "不甘心", "缺最後一步"] },

  { "name": "Ace of Wands", "upright_keywords": ["靈感", "開端", "熱情", "衝勁"], "reversed_keywords": ["沒動力", "延遲", "火花熄滅", "想太多"] },
  { "name": "Two of Wands", "upright_keywords": ["規劃", "觀望", "選擇方向", "視野擴張"], "reversed_keywords": ["猶豫", "害怕未知", "停在舒適圈", "決策拖延"] },
  { "name": "Three of Wands", "upright_keywords": ["布局", "等待成果", "遠景", "合作"], "reversed_keywords": ["進展慢", "判斷失誤", "缺資源", "視野受限"] },
  { "name": "Four of Wands", "upright_keywords": ["慶祝", "關係穩定", "家/社群", "階段成果"], "reversed_keywords": ["不穩定", "氣氛尷尬", "不安全感", "內部問題"] },
  { "name": "Five of Wands", "upright_keywords": ["競爭", "摩擦", "磨合", "意見多"], "reversed_keywords": ["避免衝突", "壓抑", "表面和平", "內耗"] },
  { "name": "Six of Wands", "upright_keywords": ["勝利", "被肯定", "進步", "好消息"], "reversed_keywords": ["自我懷疑", "被忽略", "自尊受挫", "虛榮"] },
  { "name": "Seven of Wands", "upright_keywords": ["防守", "堅持立場", "抗壓", "不退"], "reversed_keywords": ["撐不住", "退縮", "壓力過大", "懷疑自己"] },
  { "name": "Eight of Wands", "upright_keywords": ["快速發展", "訊息來臨", "加速", "行動"], "reversed_keywords": ["延誤", "溝通不順", "節奏亂", "錯過時機"] },
  { "name": "Nine of Wands", "upright_keywords": ["撐到最後", "累但不放棄", "防備", "韌性"], "reversed_keywords": ["疲憊", "放棄邊緣", "過度防衛", "受傷"] },
  { "name": "Ten of Wands", "upright_keywords": ["壓力", "責任過重", "扛著走", "快到終點"], "reversed_keywords": ["卸下重擔", "分工", "崩潰", "過勞"] },
  { "name": "Page of Wands", "upright_keywords": ["好奇", "新點子", "嘗試", "熱血"], "reversed_keywords": ["三分鐘熱度", "不成熟", "不穩定", "冒失"] },
  { "name": "Knight of Wands", "upright_keywords": ["衝刺", "勇敢追", "冒險", "行動派"], "reversed_keywords": ["衝動", "不耐煩", "亂衝", "不負責"] },
  { "name": "Queen of Wands", "upright_keywords": ["自信", "吸引力", "溫暖", "領導"], "reversed_keywords": ["嫉妒", "控制慾", "情緒化", "不安全感"] },
  { "name": "King of Wands", "upright_keywords": ["遠見", "主導", "魄力", "創業/領導"], "reversed_keywords": ["獨斷", "急躁", "只講不做", "霸道"] },

  { "name": "Ace of Cups", "upright_keywords": ["情感新開始", "愛與連結", "療癒", "心打開"], "reversed_keywords": ["情感封閉", "失落", "空虛", "壓抑"] },
  { "name": "Two of Cups", "upright_keywords": ["互相吸引", "合作", "信任", "關係建立"], "reversed_keywords": ["不對等", "冷戰", "誤解", "關係裂縫"] },
  { "name": "Three of Cups", "upright_keywords": ["朋友支持", "慶祝", "社交", "團體幸福"], "reversed_keywords": ["八卦", "第三者", "表面歡樂", "社交耗能"] },
  { "name": "Four of Cups", "upright_keywords": ["倦怠", "不滿足", "內心空白", "拒絕"], "reversed_keywords": ["重新感興趣", "看見機會", "走出低潮", "打開心"] },
  { "name": "Five of Cups", "upright_keywords": ["失望", "悲傷", "後悔", "只看失去"], "reversed_keywords": ["放下", "看到仍有的", "復原", "重新站起"] },
  { "name": "Six of Cups", "upright_keywords": ["懷舊", "純真", "舊人舊事", "回憶"], "reversed_keywords": ["走不出過去", "幼稚依戀", "逃避現在", "該長大"] },
  { "name": "Seven of Cups", "upright_keywords": ["選項太多", "幻想", "誘惑", "不確定"], "reversed_keywords": ["看清現實", "做選擇", "去除幻想", "聚焦"] },
  { "name": "Eight of Cups", "upright_keywords": ["離開", "尋找更好", "放棄不適合", "轉身"], "reversed_keywords": ["捨不得走", "拖延分離", "原地打轉", "心不甘"] },
  { "name": "Nine of Cups", "upright_keywords": ["滿足", "願望成真", "享受成果", "小確幸"], "reversed_keywords": ["空虛", "過度享樂", "不滿足", "慾望無底"] },
  { "name": "Ten of Cups", "upright_keywords": ["幸福家庭", "情感圓滿", "和諧", "長期穩定"], "reversed_keywords": ["表面和諧", "家人壓力", "情感裂縫", "不滿"] },
  { "name": "Page of Cups", "upright_keywords": ["曖昧/訊息", "感性", "直覺", "溫柔開始"], "reversed_keywords": ["情緒幼稚", "不切實際", "逃避", "自我沉溺"] },
  { "name": "Knight of Cups", "upright_keywords": ["浪漫行動", "告白/追求", "理想主義", "走向你"], "reversed_keywords": ["情緒勒索", "不穩定", "說得好聽", "不負責"] },
  { "name": "Queen of Cups", "upright_keywords": ["同理心", "深情", "療癒他人", "情緒智慧"], "reversed_keywords": ["過度敏感", "溺愛", "情緒淹沒", "界線不清"] },
  { "name": "King of Cups", "upright_keywords": ["成熟情感", "穩定支持", "會照顧人", "情緒掌控"], "reversed_keywords": ["冷漠", "壓抑", "情緒操控", "不真誠"] },

  { "name": "Ace of Swords", "upright_keywords": ["真相", "清晰決斷", "突破", "新思路"], "reversed_keywords": ["混亂", "誤判", "口舌是非", "思緒打結"] },
  { "name": "Two of Swords", "upright_keywords": ["僵持", "不想面對", "兩難", "壓住情緒"], "reversed_keywords": ["真相揭露", "不得不選", "焦慮爆發", "破局"] },
  { "name": "Three of Swords", "upright_keywords": ["心碎", "失落", "痛但清醒", "真話很痛"], "reversed_keywords": ["療傷中", "放下痛苦", "走出陰影", "修復"] },
  { "name": "Four of Swords", "upright_keywords": ["休息", "沉澱", "恢復", "暫停戰鬥"], "reversed_keywords": ["焦躁", "過勞", "無法休息", "壓力反彈"] },
  { "name": "Five of Swords", "upright_keywords": ["輸贏心", "衝突", "代價", "不甘心"], "reversed_keywords": ["和解", "放下執著", "認錯", "停戰"] },
  { "name": "Six of Swords", "upright_keywords": ["過渡期", "離開困境", "療癒旅程", "慢慢變好"], "reversed_keywords": ["走不掉", "反覆回頭", "拖著痛", "抗拒轉變"] },
  { "name": "Seven of Swords", "upright_keywords": ["策略", "隱瞞", "試探", "偷偷來"], "reversed_keywords": ["被揭穿", "良心不安", "坦白", "策略失敗"] },
  { "name": "Eight of Swords", "upright_keywords": ["受困", "自我限制", "無助", "想太多"], "reversed_keywords": ["解放", "看見出口", "走出束縛", "重獲力量"] },
  { "name": "Nine of Swords", "upright_keywords": ["焦慮", "失眠", "罪惡感", "腦內風暴"], "reversed_keywords": ["壓力下降", "求助", "走出惡夢", "釋懷"] },
  { "name": "Ten of Swords", "upright_keywords": ["結束到極限", "痛的終點", "放下", "重來"], "reversed_keywords": ["復原期", "慢慢好轉", "不再被刺", "重新站起"] },
  { "name": "Page of Swords", "upright_keywords": ["觀察", "學習", "聊天/訊息", "好奇心"], "reversed_keywords": ["口快", "八卦", "不成熟批判", "亂問"] },
  { "name": "Knight of Swords", "upright_keywords": ["直衝", "果斷", "快速行動", "不怕衝突"], "reversed_keywords": ["莽撞", "傷人言語", "急躁", "不計後果"] },
  { "name": "Queen of Swords", "upright_keywords": ["理性", "界線", "清楚溝通", "獨立"], "reversed_keywords": ["冷酷", "尖酸", "過度防備", "傷人"] },
  { "name": "King of Swords", "upright_keywords": ["決策者", "公正", "邏輯", "權威理性"], "reversed_keywords": ["濫權", "冷血", "固執己見", "不聽人話"] },

  { "name": "Ace of Pentacles", "upright_keywords": ["機會", "金錢/資源", "實際開始", "穩定基礎"], "reversed_keywords": ["錯失機會", "資源不足", "不穩", "貪心"] },
  { "name": "Two of Pentacles", "upright_keywords": ["平衡多工", "時間管理", "彈性", "忙但撐住"], "reversed_keywords": ["失衡", "手忙腳亂", "顧此失彼", "過度承擔"] },
  { "name": "Three of Pentacles", "upright_keywords": ["合作", "專業", "被看見", "團隊成果"], "reversed_keywords": ["溝通不良", "能力不合", "被低估", "沒共識"] },
  { "name": "Four of Pentacles", "upright_keywords": ["保守", "守財/守心", "安全感", "握緊"], "reversed_keywords": ["放手", "太小氣", "控制資源", "缺安全感"] },
  { "name": "Five of Pentacles", "upright_keywords": ["匱乏", "低潮", "孤立", "需要幫助"], "reversed_keywords": ["走出困境", "援助出現", "慢慢恢復", "重建"] },
  { "name": "Six of Pentacles", "upright_keywords": ["給予與接受", "資源流動", "互助", "公平分配"], "reversed_keywords": ["不對等", "施捨感", "欠人情", "剝削"] },
  { "name": "Seven of Pentacles", "upright_keywords": ["耐心等待", "投資", "累積", "看長線"], "reversed_keywords": ["急著收割", "沒成果", "方向錯", "失去耐心"] },
  { "name": "Eight of Pentacles", "upright_keywords": ["努力精進", "學習技能", "踏實", "工匠精神"], "reversed_keywords": ["偷懶", "無聊倦怠", "敷衍", "進步停滯"] },
  { "name": "Nine of Pentacles", "upright_keywords": ["獨立豐盛", "成果享受", "自信生活", "自給自足"], "reversed_keywords": ["空虛成功", "依賴", "物質焦慮", "不安全"] },
  { "name": "Ten of Pentacles", "upright_keywords": ["長期穩定", "家庭/資產", "傳承", "安全感"], "reversed_keywords": ["家族壓力", "不穩", "價值衝突", "短視"] },
  { "name": "Page of Pentacles", "upright_keywords": ["新學習", "踏實起步", "學生氣", "機會萌芽"], "reversed_keywords": ["缺乏動力", "懶散", "現實壓力", "沒方向"] },
  { "name": "Knight of Pentacles", "upright_keywords": ["慢但穩", "責任感", "長期投入", "可靠"], "reversed_keywords": ["固執", "拖很久", "不願變通", "無趣"] },
  { "name": "Queen of Pentacles", "upright_keywords": ["照顧現實", "溫暖務實", "資源管理", "家庭感"], "reversed_keywords": ["過度操心", "物質焦慮", "控制", "忽略自我"] },
  { "name": "King of Pentacles", "upright_keywords": ["成功穩定", "掌控資源", "可靠領導", "現實成果"], "reversed_keywords": ["貪婪", "保守僵化", "以利為先", "控制欲"] }
]

